ReviewID,Review
1,ดูเป็นระเบียบมาก อาหารเสิร์ฟเร็ว พนักงานอัธยาศัยดี โดยรวมเป็นสุกี้ตี๋น้อยสาขาที่คนเยอะมาก
2,เจอสาขานี้อยู่ไม่ไกลบ้าน เลยมาลองสักหน่อย ตัวร้านค่อนข้างใหญ่ ที่จอดรถเยอะ 
3,ส่วนตัวคิดว่าวัตถุดิบค่อนข้างดี เมื่อเทียบกับราคาเนื้อหมูสวย เราชอบเมนูหมูตอกไข่มาก อร่อยดี
4,เรามาตอนเที่ยงกว่าๆ คนเยอะมาก รอคิวประมาณครึ่งชั่วโมงได้
5,เมนูเยอะอยู่ครับ อิ่มจุกกันแน่นอน อาหารเสิร์ฟไวอยู่ครับ  พนักงานอัธยาศัยดี
6,ผมชอบกินแมงกะพรุนมาก ร้านนี้แมงกะพรุน ใหญ่ เยอะ สะใจมาก
7,เมนูเยอะ คุณภาพโอเค น้ำจิ้มอร่อย
8,ที่จอดรถ ใหญ่โต กว้างขวาง จอดสบาย
9,หมูลาวาคือดี เป็นหมูหมักเนื้อนุ่มและไข่ไก่ เนื้อมีความนุ่มดีมาก
10,ข้อเสีย ถ้าหิวข้าวเที่ยง ต้องไปถึงก่อนเที่ยง เพื่อจองคิว ไม่งั้นถ้าไปช้าคนจะเต็มต้องรอไปอีก
11, อาหารที่อยู่ในไลน์บุฟเฟ่ต์เมื่อเทียบกับราคาแล้วคุ้มมากๆ ครับ
12,เป็นร้านที่จอดรถกว้างขวาง คิวนานนิดนึงค่ะ  พนักงานบริการดีมากๆเลยค่ะ
13,กุ้งสด​ หวานอร่อย​ ผักสด​มาแบบงามๆเลย​ ไม่มีช้ำ​  หมูสามชั้น​ดีงาม​มันน้อย​ ชิ้นใหญ่
14,กินกันได้ตลอดทั้งคืนจ้า บรรยากาศร้านดีนะคะ สะอาดดีมากค่ะ
15,ทีเด็ดคือน้ำจิ้มค่ะ น้ำจิ้มอร่อยมาก มีทั้งน้ำนิ้มสุกี้และซีฟู้ด ชอบมากค่ะ ทำให้ชาบูอร่อยขึ้นเยอะเลย
16,ถ้ามาจะต้องรอคิวนานหน่อยนะ แต่ก้อคุ้มที่จะรออ่า เพราะ ของเค้าอร่อยจริงๆ
17,น้ำจิ้มสุกี้ก็โอเค แต่ซีฟู้ดจะแอบติดเปรี้ยวหวานเกินไปหน่อยไม่ค่อยนัว หมี่หยกยังไม่ถูกใจแต่ก็เหมาะสมกับราคา
18,คุณภาพอาหารเหมาะสมกับราคา มีอาหารให้เลือกหลากหลาย รสชาติดี เป็นบุพเฟต์ที่ทานแล้วรู้สึกว่าคุ้มค่า
19,สุกี้ราคาประหยัด เมนูอาหารหลากหลาย รวมๆแล้วคือดี มีโอกาสต้องไปซ้ำ เสียอย่างเดียวคือรอคิวนานมาก
20,ตัวน้ำจิ้มสุกี้อะค่ะรู้สึกว่ายังธรรมดาไป เป็นน้ำจิ้มที่หากินได้ทั่วไปอ่า แต่น้ำจิ้มซีฟู๊ดอ่ะคือดีมากเลย ติดใจมากค่ะ
